<?xml version="1.0" encoding="UTF-8"?>
<beans xmlns="http://www.springframework.org/schema/beans"
       xmlns:tx="http://www.springframework.org/schema/tx"
       xmlns:xsi="http://www.w3.org/2001/XMLSchema-instance"
       xmlns:context="http://www.springframework.org/schema/context"
       xmlns:p="http://www.springframework.org/schema/p"
       xmlns:mvc="http://www.springframework.org/schema/mvc" xmlns:task="http://www.springframework.org/schema/task"
       xsi:schemaLocation="http://www.springframework.org/schema/beans http://www.springframework.org/schema/beans/spring-beans.xsd
    http://www.springframework.org/schema/context http://www.springframework.org/schema/context/spring-context.xsd
    http://www.springframework.org/schema/mvc http://www.springframework.org/schema/mvc/spring-mvc.xsd
    http://www.springframework.org/schema/tx http://www.springframework.org/schema/tx/spring-tx.xsd http://www.springframework.org/schema/task http://www.springframework.org/schema/task/spring-task.xsd">

    <context:annotation-config/>

    <context:component-scan base-package="team.t9001.saad" use-default-filters="false">
        <context:include-filter type="annotation" expression="org.springframework.stereotype.Controller"/>
        <context:include-filter type="annotation" expression="org.springframework.stereotype.Service"/>
        <context:include-filter type="annotation" expression="org.springframework.stereotype.Repository"/>
    </context:component-scan>

    <bean id="dataSource" class="com.alibaba.druid.pool.DruidDataSource" destroy-method="close">
        <property name="url" value="jdbc:mysql://127.0.0.1/tropical_disease_research?autoReconnect=true&amp;useUnicode=true&amp;characterEncoding=utf-8&amp;" />

        <property name="username" value="root" />
        <property name="password" value="123456" />

        <!-- 配置初始化大小、最小、最大 -->
        <property name="initialSize" value="4" />
        <property name="minIdle" value="4" />
        <property name="maxActive" value="4" />

        <!-- 配置获取连接等待超时的时间 -->
        <property name="maxWait" value="60000" />

        <!-- 配置间隔多久才进行一次检测，检测需要关闭的空闲连接，单位是毫秒 -->
        <property name="timeBetweenEvictionRunsMillis" value="60000" />

        <!-- 合并多个DruidDataSource的监控数据 -->
        <property name="useGlobalDataSourceStat" value="true" />

        <!-- 配置一个连接在池中最小生存的时间，单位是毫秒 -->
        <property name="minEvictableIdleTimeMillis" value="300000" />
        <property name="validationQuery" value="SELECT 'x'" />
        <property name="testWhileIdle" value="true" />
        <property name="testOnBorrow" value="false" />
        <property name="testOnReturn" value="false" />
        <!-- 配置监控统计拦截的filters -->
        <property name="filters" value="wall,stat,slf4j" />
        <property name="connectionProperties" value="druid.stat.mergeSql=true;druid.stat.logSlowSql=true;druid.wall.logViolation=true;druid.wall.throwException=false" />
    </bean>


    <!-- <import resource="mybatis/application-data-dao.xml"/>
     <import resource="mybatis/application-consumedata-dao.xml"/>-->
    <!--     <import resource="mybatis/application-activeitydata-dao.xml"/> -->
    <!--     <import resource="mybatis/application-activeityadmin-dao.xml"/> -->


    <bean id="txManager"
          class="org.springframework.jdbc.datasource.DataSourceTransactionManager">
        <property name="dataSource" ref="dataSource" />
    </bean>
    <tx:annotation-driven transaction-manager="txManager" />

    <mvc:default-servlet-handler />



    <bean id="viewResolver"
          class="org.springframework.web.servlet.view.UrlBasedViewResolver">
        <property name="viewClass" value="org.springframework.web.servlet.view.JstlView" />
        <property name="prefix" value="/WEB-INF/" />
        <property name="suffix" value=".jsp" />
    </bean>

    <task:annotation-driven executor="myExecutor" scheduler="myScheduler" />
    <task:executor id="myExecutor" pool-size="5" />
    <task:scheduler id="myScheduler" pool-size="2" />

</beans>