<?xml version="1.0" encoding="UTF-8"?>
<configuration>
  <appender name="console" class="ch.qos.logback.core.ConsoleAppender">
    <encoder>
      <pattern>%d{HH:mm:ss.SSS} [%thread] %-5level %logger{0} - %msg%n</pattern>
    </encoder>
  </appender>
  <appender name="file" class="ch.qos.logback.core.rolling.RollingFileAppender">
    <file>logs/app.log</file>
    <rollingPolicy class="ch.qos.logback.core.rolling.TimeBasedRollingPolicy">
      <fileNamePattern>logs/bak/daily.%d{yyyy-MM-dd}.log</fileNamePattern>
      <maxHistory>90</maxHistory>
    </rollingPolicy>
    <encoder>
      <pattern>%date{MMddHH:mm:ss.SSS} [%thread] %-5level %logger{0} - %msg%n</pattern>
    </encoder>
  </appender>

  <root level="debug">
    <appender-ref ref="console" />
    <appender-ref ref="file" />
  </root>
</configuration>